{"stat.chestOpened":3,"stat.pickup.tconstruct.book":2,"stat.leaveGame":3,"stat.pickup.minecraft.stone_pickaxe":1,"stat.pickup.minecraft.stone_axe":1,"stat.pickup.minecraft.flower_pot":1,"stat.jump":223,"stat.swimOneCm":2230,"stat.fallOneCm":3044,"stat.climbOneCm":2343,"stat.crouchOneCm":2640,"stat.mineBlock.gravestone.gravestone":2,"stat.pickup.minecraft.spider_eye":2,"stat.useItem.minecraft.stone_slab2":52,"stat.pickup.minecraft.stone_shovel":1,"stat.pickup.minecraft.command_block":2,"stat.damageTaken":1136,"stat.killEntity.Enderman":1,"stat.pickup.minecraft.planks":8,"stat.entityKilledBy.ZombieVillager":1,"stat.flyOneCm":86537,"stat.pickup.minecraft.bed":3,"stat.pickup.conarm.book":2,"stat.useItem.minecraft.stone_sword":22,"stat.drop.minecraft.gold_ingot":1,"stat.damageDealt":945,"stat.timeSinceDeath":304,"stat.flowerPotted":1,"stat.walkOneCm":41181,"stat.drop.gravestone.death_info":5,"stat.pickup.minecraft.stick":43,"stat.pickup.minecraft.crafting_table":5,"stat.craftItem.minecraft.crafting_table":1,"stat.entityKilledBy.if_troll":1,"stat.pickup.minecraft.redstone_block":1,"stat.pickup.minecraft.log":68,"stat.pickup.minecraft.string":4,"stat.pickup.minecraft.bedrock":2,"stat.sprintOneCm":47735,"stat.pickup.minecraft.gold_ingot":1,"stat.craftItem.minecraft.planks":8,"stat.mineBlock.minecraft.crafting_table":1,"stat.killEntity.Spider":3,"stat.pickup.minecraft.bread":15,"stat.pickup.minecraft.stone_sword":1,"stat.mobKills":4,"stat.pickup.dynamictrees.oakseed":3,"stat.deaths":7,"stat.drop":6,"stat.playOneMinute":33016,"stat.pickup.minecraft.red_flower":1,"stat.sneakTime":974,"stat.mineBlock.minecraft.tallgrass":2,"stat.diveOneCm":5076}