{"stat.pickup.tconstruct.book":3,"stat.chestOpened":1,"stat.pickup.minecraft.wooden_slab":6,"stat.leaveGame":3,"stat.pickup.minecraft.stone_pickaxe":1,"stat.pickup.minecraft.stone_axe":1,"stat.useItem.minecraft.porkchop":3,"stat.pickup.gravestone.death_info":3,"stat.jump":207,"stat.swimOneCm":8006,"stat.climbOneCm":938,"stat.fallOneCm":2391,"stat.useItem.minecraft.stone_axe":15,"stat.pickup.minecraft.porkchop":15,"stat.crouchOneCm":1751,"stat.mineBlock.gravestone.gravestone":3,"stat.useItem.minecraft.stone_slab2":2,"stat.craftingTableInteraction":2,"stat.pickup.minecraft.rotten_flesh":2,"stat.craftItem.minecraft.stone_axe":1,"stat.pickup.minecraft.wooden_pickaxe":1,"stat.damageTaken":574,"stat.craftItem.minecraft.stone_pickaxe":1,"stat.useItem.minecraft.wooden_pickaxe":6,"stat.pickup.minecraft.cobblestone":6,"stat.pickup.minecraft.planks":14,"stat.flyOneCm":41861,"stat.pickup.conarm.book":3,"stat.craftItem.minecraft.wooden_slab":6,"stat.damageDealt":983,"stat.timeSinceDeath":0,"stat.craftItem.minecraft.wooden_pickaxe":1,"stat.killEntity.Pig":6,"stat.entityKilledBy.vampirism.vampire":2,"stat.walkOneCm":35832,"stat.playerKills":1,"stat.pickup.minecraft.stick":2,"stat.mineBlock.minecraft.vine":1,"stat.pickup.minecraft.crafting_table":2,"stat.pickup.minecraft.stonebrick":1,"stat.craftItem.minecraft.crafting_table":1,"stat.useItem.dynamictrees.oakseed":2,"stat.pickup.minecraft.log":4,"stat.sprintOneCm":52289,"stat.craftItem.minecraft.stick":8,"stat.pickup.minecraft.gold_ingot":4,"stat.drop.dynamictrees.oakseed":1,"stat.craftItem.minecraft.planks":16,"stat.mineBlock.minecraft.crafting_table":1,"stat.mobKills":6,"stat.pickup.dynamictrees.oakseed":7,"stat.deaths":4,"stat.drop":1,"stat.playOneMinute":11351,"stat.sneakTime":331,"stat.mineBlock.minecraft.stone":6,"stat.mineBlock.minecraft.tallgrass":3,"stat.diveOneCm":6836}