{"stat.walkOneCm":5372,"stat.pickup.minecraft.stick":8,"stat.leaveGame":2,"stat.pickup.minecraft.crafting_table":1,"stat.craftItem.minecraft.crafting_table":1,"stat.mineBlock.minecraft.double_plant":2,"stat.pickup.minecraft.log":16,"stat.jump":49,"stat.swimOneCm":4514,"stat.fallOneCm":1946,"stat.useItem.minecraft.stone_axe":2,"stat.crouchOneCm":292,"stat.sprintOneCm":15485,"stat.useItem.minecraft.stone_slab2":1,"stat.craftItem.minecraft.stick":8,"stat.craftingTableInteraction":3,"stat.drop.dynamictrees.oakseed":3,"stat.craftItem.minecraft.planks":36,"stat.craftItem.minecraft.stone_axe":1,"stat.mineBlock.minecraft.crafting_table":1,"stat.damageTaken":265,"stat.craftItem.minecraft.stone_pickaxe":1,"stat.useItem.minecraft.wooden_pickaxe":3,"stat.pickup.minecraft.cobblestone":9,"stat.mobKills":1,"stat.pickup.dynamictrees.oakseed":8,"stat.craftItem.minecraft.stone_sword":1,"stat.flyOneCm":11419,"stat.deaths":1,"stat.pickup.minecraft.wheat_seeds":1,"stat.drop":2,"stat.playOneMinute":7085,"stat.drop.minecraft.wheat_seeds":1,"stat.useItem.minecraft.stone_pickaxe":6,"stat.sneakTime":174,"stat.useItem.minecraft.stone_sword":5,"stat.damageDealt":199,"stat.killEntity.Zombie":1,"stat.timeSinceDeath":0,"stat.craftItem.minecraft.wooden_pickaxe":1,"stat.mineBlock.minecraft.stone":9,"stat.entityKilledBy.vampirism.vampire":1,"stat.mineBlock.minecraft.tallgrass":1,"stat.diveOneCm":276}